[
    {
        "name": "Bombones Lindor Chocolate con Leche 75g.",
        "category": "mimos",
        "etiqueta": "Mimos para Mamá",
        "url": "https://www.tata.com.uy/bombones-lindor-chocolate-con-leche-75-g-23572/p",
        "image": "https://tatauy.vtexassets.com/unsafe/0x0/center/middle/https%3A%2F%2Ftatauy.vtexassets.com%2Farquivos%2Fids%2F229849%2FBombones-Lindor-Con-Chocolate-Con-Leche-75-Gr-1-23952.jpg%3Fv%3D637723392134630000"
    },
    {
        "name": "Bombones Lindor Surtidos 75g.",
        "category": "mimos",
        "etiqueta": "Mimos para Mamá",
        "url": "https://www.tata.com.uy/bombones-de-chocolate-lindor-surtidos-75-g-23575/p",
        "image": "https://tatauy.vtexassets.com/unsafe/0x0/center/middle/https%3A%2F%2Ftatauy.vtexassets.com%2Farquivos%2Fids%2F343185%2FBombones-De-Chocolate-Lindor-Surtidos-75-G-1-23955.jpg%3Fv%3D637860009864470000"
    },
    {
        "name": "Cafetera Dolce Gusto.",
        "category": "mimos",
        "etiqueta": "Mimos para Mamá",
        "url": "https://www.tata.com.uy/cafetera-dolce-gusto-jovia-2-17700/p",
        "image": "https://tatauy.vtexassets.com/unsafe/0x0/center/middle/https%3A%2F%2Ftatauy.vtexassets.com%2Farquivos%2Fids%2F197762%2FCafetera-Dolce-Gusto-Jovia-1-18064.jpg%3Fv%3D637450793712900000"
    },
    {
        "name": "Bombones After Eight 200g.",
        "category": "mimos",
        "etiqueta": "Mimos para Mamá",
        "url": "https://www.tata.com.uy/bomb-n-after-eight-nestle-200-g-7568/p",
        "image": "https://tatauy.vtexassets.com/unsafe/0x0/center/middle/https%3A%2F%2Ftatauy.vtexassets.com%2Farquivos%2Fids%2F212373%2FBombon-After-Eight-Nestle-200-Gr-1-7495.jpg%3Fv%3D637613225433570000"
    },
    {
        "name": "Galletas Danesas Jacobsens 150g.",
        "category": "mimos",
        "etiqueta": "Mimos para Mamá",
        "url": "https://www.tata.com.uy/galletas-danesas-jacobsens-150-g-771/p",
        "image": "https://tatauy.vtexassets.com/unsafe/0x0/center/middle/https%3A%2F%2Ftatauy.vtexassets.com%2Farquivos%2Fids%2F168597%2FGalletas-Danesas-Jacobsens-150Gr-1-222.jpg%3Fv%3D637110383125070000"
    },
    {
        "name": "Vino Blanco Bianchi New Age 750ml.",
        "category": "mimos",
        "etiqueta": "Mimos para Mamá",
        "url": "https://www.tata.com.uy/vino-fino-blanco-bianchi-new-age-750-ml-1328/p",
        "image": "https://assets.vtex.app/unsafe/1041x1041/center/middle/https%3A%2F%2Ftatauy.vtexassets.com%2Farquivos%2Fids%2F229747%2FVino-Fino-Blanco-Bianchi-New-Age-750Cc-1-935.jpg%3Fv%3D637723391790770000"
    },
    {
        "name": "Torta de Chocolate Delibest 1.1kg.",
        "category": "mimos",
        "etiqueta": "Mimos para Mamá",
        "url": "https://www.tata.com.uy/torta-de-chocolat-1-100-delibest-1-00-u-8534/p",
        "image": "https://tatauy.vtexassets.com/unsafe/0x0/center/middle/https%3A%2F%2Ftatauy.vtexassets.com%2Farquivos%2Fids%2F637613%2FTorta-De-Chocolat-1-100-Delibest-1-00-U-1-9078.jpg%3Fv%3D638303025927700000"
    },
    {
        "name": "Cafetera/Tetera de Vidrio y Bambú.",
        "category": "mimos",
        "etiqueta": "Mimos para Mamá",
        "url": "https://www.tata.com.uy/caja-para-t-selecta-con-tapa-4-divisiones-bamboo-135989/p",
        "image": "https://tatauy.vtexassets.com/unsafe/0x0/center/middle/https%3A%2F%2Ftatauy.vtexassets.com%2Farquivos%2Fids%2F622279%2FCaja-Para-T-Selecta-Con-Tapa-4-Divisiones-Bamboo-1-36779.jpg%3Fv%3D638260906190900000"
    },
    {
        "name": "Termo de acero inoxidable Lincolns",
        "category": "mimos",
        "etiqueta": "Mimos para Mamá",
        "url": "https://shop.tata.com.uy/termo-de-acero-inoxidable-lincolns-coral-1688414455843/p",
        "image": "https://tatauy.vtexassets.com/arquivos/ids/606796-1200-1200?v=638240112562430000&width=1200&height=1200&aspect=true"
    },
    {
        "name": "Campera Morada",
        "category": "abrazo",
        "etiqueta": "Abrazo de Calidez",
        "url": "https://www.tata.com.uy/campera-deportiva-morado-mujer-h-g-153050/p",
        "image": "https://tatauy.vtexassets.com/unsafe/0x0/center/middle/https%3A%2F%2Ftatauy.vtexassets.com%2Farquivos%2Fids%2F706110%2FCampera-Deportiva-Morado-Mujer-H-G-H-G-Mujer-Campera-Deportiva-Morado-T-S-1-40699.jpg%3Fv%3D638479606130730000"
    },
    {
        "name": "Campera Camel",
        "category": "abrazo",
        "etiqueta": "Abrazo de Calidez",
        "url": "https://www.tata.com.uy/campera-deportiva-camel-mujer-h-g-153039/p",
        "image": "https://tatauy.vtexassets.com/unsafe/0x0/center/middle/https%3A%2F%2Ftatauy.vtexassets.com%2Farquivos%2Fids%2F706105%2FCampera-Deportiva-Camel-Mujer-H-G-H-G-Mujer-Campera-Deportiva-Camel-T-S-1-40688.jpg%3Fv%3D638479606113770000"
    },
    {
        "name": "Campera Arena",
        "category": "abrazo",
        "etiqueta": "Abrazo de Calidez",
        "url": "https://www.tata.com.uy/campera-deportiva-beige-mujer-h-g-153034/p",
        "image": "https://tatauy.vtexassets.com/unsafe/0x0/center/middle/https%3A%2F%2Ftatauy.vtexassets.com%2Farquivos%2Fids%2F706100%2FCampera-Deportiva-Beige-Mujer-H-G-H-G-Mujer-Campera-Deportiva-Beige-T-S-1-40683.jpg%3Fv%3D638479606098030000"
    },
    {
        "name": "Campera Negra",
        "category": "abrazo",
        "etiqueta": "Abrazo de Calidez",
        "url": "https://www.tata.com.uy/campera-deportiva-negro-mujer-h-g-153031/p",
        "image": "https://tatauy.vtexassets.com/unsafe/0x0/center/middle/https%3A%2F%2Ftatauy.vtexassets.com%2Farquivos%2Fids%2F706097%2FCampera-Deportiva-Negro-Mujer-H-G-H-G-Mujer-Campera-Deportiva-Negro-T-L-1-40680.jpg%3Fv%3D638479606089200000"
    },
    {
        "name": "Manta Polar Super Suave y Calentita",
        "category": "abrazo",
        "etiqueta": "Abrazo de Calidez",
        "url": "https://shop.tata.com.uy/manta-polar-super-suave-y-calentita-1664996862210/p",
        "image": "https://tatauy.vtexassets.com/arquivos/ids/647841-1200-1200?v=638324622139400000&width=1200&height=1200&aspect=true"
    },
    {
        "name": "Campera Deportiva Negra.",
        "category": "abrazo",
        "etiqueta": "Abrazo de Calidez",
        "url": "https://www.tata.com.uy/campera-deportiva-negro-mujer-h-g-153031/p",
        "image": "https://tatauy.vtexassets.com/unsafe/0x0/center/middle/https%3A%2F%2Ftatauy.vtexassets.com%2Farquivos%2Fids%2F706097%2FCampera-Deportiva-Negro-Mujer-H-G-H-G-Mujer-Campera-Deportiva-Negro-T-L-1-40680.jpg%3Fv%3D638479606089200000"
    },
    {
        "name": "Campera Deportiva Beige.",
        "category": "abrazo",
        "etiqueta": "Abrazo de Calidez",
        "url": "https://www.tata.com.uy/campera-deportiva-beige-mujer-h-g-153034/p",
        "image": "https://tatauy.vtexassets.com/unsafe/0x0/center/middle/https%3A%2F%2Ftatauy.vtexassets.com%2Farquivos%2Fids%2F706100%2FCampera-Deportiva-Beige-Mujer-H-G-H-G-Mujer-Campera-Deportiva-Beige-T-S-1-40683.jpg%3Fv%3D638479606098030000"
    },
    {
        "name": "Campera Deportiva Camel.",
        "category": "abrazo",
        "etiqueta": "Abrazo de Calidez",
        "url": "https://www.tata.com.uy/campera-deportiva-camel-mujer-h-g-153039/p",
        "image": "https://tatauy.vtexassets.com/unsafe/0x0/center/middle/https%3A%2F%2Ftatauy.vtexassets.com%2Farquivos%2Fids%2F706105%2FCampera-Deportiva-Camel-Mujer-H-G-H-G-Mujer-Campera-Deportiva-Camel-T-S-1-40688.jpg%3Fv%3D638479606113770000"
    },
    {
        "name": "Campera Deportiva Morada.",
        "category": "abrazo",
        "etiqueta": "Abrazo de Calidez",
        "url": "https://www.tata.com.uy/campera-deportiva-morado-mujer-h-g-153050/p",
        "image": "https://tatauy.vtexassets.com/unsafe/0x0/center/middle/https%3A%2F%2Ftatauy.vtexassets.com%2Farquivos%2Fids%2F706110%2FCampera-Deportiva-Morado-Mujer-H-G-H-G-Mujer-Campera-Deportiva-Morado-T-S-1-40699.jpg%3Fv%3D638479606130730000"
    },
    {
        "name": "Camisón Gris Melange.",
        "category": "abrazo",
        "etiqueta": "Abrazo de Calidez",
        "url": "https://www.tata.com.uy/camison-magan-larga-rib-lila-h-g-mujer-2-2-127922/p",
        "image": "https://tatauy.vtexassets.com/unsafe/0x0/center/middle/https%3A%2F%2Ftatauy.vtexassets.com%2Farquivos%2Fids%2F590137%2FCamison-Magan-Larga-Rib-Lila-H-G-Mujer-Camison-Magan-Larga-Rib-Lila-H-G-Mujer-T-S-1-35131.jpg%3Fv%3D638156579170000000"
    },
    {
        "name": "Buzo Beige.",
        "category": "abrazo",
        "etiqueta": "Abrazo de Calidez",
        "url": "https://www.tata.com.uy/buzo-punto-beige-mujer-h-g-153009/p",
        "image": "https://tatauy.vtexassets.com/unsafe/0x0/center/middle/https%3A%2F%2Ftatauy.vtexassets.com%2Farquivos%2Fids%2F706075%2FBuzo-Punto-Beige-Mujer-H-G-H-G-Mujer-Buzo-Punto-Beige-T-S-1-40658.jpg%3Fv%3D638479606013070000"
    },
    {
        "name": "Buzo Rosa Peonía.",
        "category": "abrazo",
        "etiqueta": "Abrazo de Calidez",
        "url": "https://www.tata.com.uy/buzo-punto-rosa-peonia-mujer-h-g-153014/p",
        "image": "https://tatauy.vtexassets.com/unsafe/0x0/center/middle/https%3A%2F%2Ftatauy.vtexassets.com%2Farquivos%2Fids%2F706080%2FBuzo-Punto-Rosa-Peonia-Mujer-H-G-H-G-Mujer-Buzo-Punto-Rosa-Peonia-T-S-1-40663.jpg%3Fv%3D638479606030200000"
    },
    {
        "name": "Buzo a Rayas Camel.",
        "category": "abrazo",
        "etiqueta": "Abrazo de Calidez",
        "url": "https://www.tata.com.uy/buzo-punto-rayas-camel-mujer-h-g-153019/p",
        "image": "https://tatauy.vtexassets.com/unsafe/0x0/center/middle/https%3A%2F%2Ftatauy.vtexassets.com%2Farquivos%2Fids%2F706085%2FBuzo-Punto-Rayas-Camel-Mujer-H-G-H-G-Mujer-Buzo-Punto-Rayas-Camel-T-S-1-40668.jpg%3Fv%3D638479606048230000"
    },
    {
        "name": "Canguro Negro.",
        "category": "abrazo",
        "etiqueta": "Abrazo de Calidez",
        "url": "https://www.tata.com.uy/canguro-deportivo-negro-mujer-h-g-153060/p",
        "image": "https://tatauy.vtexassets.com/unsafe/0x0/center/middle/https%3A%2F%2Ftatauy.vtexassets.com%2Farquivos%2Fids%2F706120%2FCanguro-Deportivo-Negro-Mujer-H-G-H-G-Mujer-Canguro-Deportivo-Negro-T-S-1-40709.jpg%3Fv%3D638479606161030000"
    },
    {
        "name": "Polera Gris Claro Melange.",
        "category": "abrazo",
        "etiqueta": "Abrazo de Calidez",
        "url": "https://www.tata.com.uy/polera-tejida-gris-h-g-mujer-2-2-127953/p",
        "image": "https://tatauy.vtexassets.com/unsafe/0x0/center/middle/https%3A%2F%2Ftatauy.vtexassets.com%2Farquivos%2Fids%2F590168%2FPolera-Tejida-Gris-H-G-Mujer-Polera-Tejida-Gris-H-G-Mujer-T-M-1-35162.jpg%3Fv%3D638156579323600000"
    },
    {
        "name": "Polera Arena.",
        "category": "abrazo",
        "etiqueta": "Abrazo de Calidez",
        "url": "https://www.tata.com.uy/polera-punto-arena-mujer-h-g-153024/p",
        "image": "https://tatauy.vtexassets.com/unsafe/0x0/center/middle/https%3A%2F%2Ftatauy.vtexassets.com%2Farquivos%2Fids%2F706090%2FPolera-Punto-Arena-Mujer-H-G-H-G-Mujer-Polera-Punto-Arena-T-S-1-40673.jpg%3Fv%3D638479606066270000"
    },
    {
        "name": "Polera Negra.",
        "category": "abrazo",
        "etiqueta": "Abrazo de Calidez",
        "url": "https://www.tata.com.uy/polera-tejida-negra-h-g-mujer-2-2-127949/p",
        "image": "https://tatauy.vtexassets.com/unsafe/0x0/center/middle/https%3A%2F%2Ftatauy.vtexassets.com%2Farquivos%2Fids%2F590164%2FPolera-Tejida-Negra-H-G-Mujer-Polera-Tejida-Negra-H-G-Mujer-T-L-1-35158.jpg%3Fv%3D638156579312070000"
    },
    {
        "name": "Pantufla Abierta Camel.",
        "category": "abrazo",
        "etiqueta": "Abrazo de Calidez",
        "url": "https://www.tata.com.uy/pantufla-abierta-con-pelo-camel-mujer-h-g-153376/p",
        "image": "https://tatauy.vtexassets.com/unsafe/0x0/center/middle/https%3A%2F%2Ftatauy.vtexassets.com%2Farquivos%2Fids%2F707856%2FPantufla-Abierta-Con-Pelo-Camel-Mujer-H-G-H-G-Mujer-Pantufla-Abierta-Con-Pelo-Camel-T-36-37-1-41138.jpg%3Fv%3D638488137993030000"
    },
    {
        "name": "Pantufla Cerrada Crudo.",
        "category": "abrazo",
        "etiqueta": "Abrazo de Calidez",
        "url": "https://www.tata.com.uy/pantufla-cerrada-ecru-h-g-mujer-2-2-128691/p",
        "image": "https://tatauy.vtexassets.com/unsafe/0x0/center/middle/https%3A%2F%2Ftatauy.vtexassets.com%2Farquivos%2Fids%2F591270%2FPantufla-Cerrada-Ecru-H-G-Mujer-Pantufla-Cerrada-Ecru-H-G-Mujer-T-36-37-1-35900.jpg%3Fv%3D638157226940170000"
    },
    {
        "name": "Pantubota Camel.",
        "category": "abrazo",
        "etiqueta": "Abrazo de Calidez",
        "url": "https://www.tata.com.uy/pantufla-abierta-con-pelo-camel-mujer-h-g-153376/p",
        "image": "https://tatauy.vtexassets.com/unsafe/0x0/center/middle/https%3A%2F%2Ftatauy.vtexassets.com%2Farquivos%2Fids%2F707856%2FPantufla-Abierta-Con-Pelo-Camel-Mujer-H-G-H-G-Mujer-Pantufla-Abierta-Con-Pelo-Camel-T-36-37-1-41138.jpg%3Fv%3D638488137993030000"
    },
    {
        "name": "Planchita Philips HP8321.",
        "category": "belleza",
        "etiqueta": "Belleza Radiante",
        "url": "https://www.tata.com.uy/planchita-philips-bhs376-151014/p",
        "image": "https://tatauy.vtexassets.com/unsafe/0x0/center/middle/https%3A%2F%2Ftatauy.vtexassets.com%2Farquivos%2Fids%2F703492%2FPlanchita-Philips-Bhs376-1-40084.jpg%3Fv%3D638445801724130000"
    },
    {
        "name": "Pack Crema Hidratante Dorothy Gray.",
        "category": "belleza",
        "etiqueta": "Belleza Radiante",
        "url": "https://www.tata.com.uy/pack-crema-hidratante-dorothy-gray-vitamina-c-tonico-de-azhar-118971/p",
        "image": "https://tatauy.vtexassets.com/unsafe/0x0/center/middle/https%3A%2F%2Ftatauy.vtexassets.com%2Farquivos%2Fids%2F560545%2FPack-Crema-Hidratante-Dorothy-Gray-Vitamina-C-Tonico-De-Azhar-1-32704.jpg%3Fv%3D638055921672770000"
    },
    {
        "name": "Colonia Cielo Body Touch.",
        "category": "belleza",
        "etiqueta": "Belleza Radiante",
        "url": "https://www.tata.com.uy/colonia-cielo-body-touch-dama-200-ml-5119/p",
        "image": "https://tatauy.vtexassets.com/unsafe/0x0/center/middle/https%3A%2F%2Ftatauy.vtexassets.com%2Farquivos%2Fids%2F697480%2FColonia-Cielo-Body-Touch-Dama-200-Ml-1-5042.jpg%3Fv%3D638393961661100000"
    },
    {
        "name": "Colonia Luna Body Touch.",
        "category": "belleza",
        "etiqueta": "Belleza Radiante",
        "url": "https://www.tata.com.uy/colonia-luna-body-touch-dama-200-ml-149573/p",
        "image": "https://tatauy.vtexassets.com/unsafe/0x0/center/middle/https%3A%2F%2Ftatauy.vtexassets.com%2Farquivos%2Fids%2F697479%2FColonia-Luna-Body-Touch-Dama-200-Ml-1-39494.jpg%3Fv%3D638393961656730000"
    },
    {
        "name": "Depilador GA.MA SkinPro Go.",
        "category": "belleza",
        "etiqueta": "Belleza Radiante",
        "url": "https://www.tata.com.uy/depilador-gama-skinpro-go-20380/p",
        "image": "https://tatauy.vtexassets.com/unsafe/0x0/center/middle/https%3A%2F%2Ftatauy.vtexassets.com%2Farquivos%2Fids%2F203238%2FDepilador-Gama-Skinpro-Go-1-20809.jpg%3Fv%3D637524233780700000"
    },
    {
        "name": "Plancha GA.MA Elegance Avocado.",
        "category": "belleza",
        "etiqueta": "Belleza Radiante",
        "url": "https://www.tata.com.uy/planchita-gama-elegance-avocado-led-220-v-20458/p",
        "image": "https://tatauy.vtexassets.com/unsafe/0x0/center/middle/https%3A%2F%2Ftatauy.vtexassets.com%2Farquivos%2Fids%2F205238%2FPlanchita-Gama-Elegance-Avocado-Led-220-V-1-20887.jpg%3Fv%3D637542377366300000"
    },
    {
        "name": "Plancha de Pelo GA.MA Bella.",
        "category": "belleza",
        "etiqueta": "Belleza Radiante",
        "url": "https://www.tata.com.uy/plancha-pelo-gama-elegance-bella-st-20427/p",
        "image": "https://tatauy.vtexassets.com/unsafe/0x0/center/middle/https%3A%2F%2Ftatauy.vtexassets.com%2Farquivos%2Fids%2F224555%2FPlancha-Pelo-Gama-Elegance-Bella-St-1-20856.jpg%3Fv%3D637685158686030000"
    },
    {
        "name": "Planchita Modeladora Xion.",
        "category": "belleza",
        "etiqueta": "Belleza Radiante",
        "url": "https://shop.tata.com.uy/planchita-modeladora-xion-xitourmalina-1640891721596/p",
        "image": "https://tatauy.vtexassets.com/arquivos/ids/695245-1200-1200?v=638383212064230000&width=1200&height=1200&aspect=true"
    },
    {
        "name": "Cepillo GA.MA Stylish Keratin.",
        "category": "belleza",
        "etiqueta": "Belleza Radiante",
        "url": "https://shop.tata.com.uy/cepillo-gama-stylish-keration-1683648033611/p",
        "image": "https://tatauy.vtexassets.com/arquivos/ids/598697-1200-1200?v=638192448343670000&width=1200&height=1200&aspect=true"
    },
    {
        "name": "Secador Cuori Capelli",
        "category": "belleza",
        "etiqueta": "Belleza Radiante",
        "url": "https://shop.tata.com.uy/secador-cuori-capelli-cuo6250-1640790115481/p",
        "image": "https://tatauy.vtexassets.com/arquivos/ids/262144-1200-1200?v=637763869157630000&width=1200&height=1200&aspect=true"
    },
    {
        "name": "Secador de Pelo Xion Ion",
        "category": "belleza",
        "etiqueta": "Belleza Radiante",
        "url": "https://www.tata.com.uy/secador-de-cabello-xion-xi-se2205i-2-2-21810/p",
        "image": "https://tatauy.vtexassets.com/unsafe/0x0/center/middle/https%3A%2F%2Ftatauy.vtexassets.com%2Farquivos%2Fids%2F230550%2FSecador-De-Cabello-Xion-Xi-Se2205I-1-22208.jpg%3Fv%3D637731921921870000"
    },
    {
        "name": "Secador GA.MA Diamond",
        "category": "belleza",
        "etiqueta": "Belleza Radiante",
        "url": "https://www.tata.com.uy/secador-de-cabello-xion-xi-se2205i-2-2-21810/p",
        "image": "https://tatauy.vtexassets.com/unsafe/0x0/center/middle/https%3A%2F%2Ftatauy.vtexassets.com%2Farquivos%2Fids%2F230550%2FSecador-De-Cabello-Xion-Xi-Se2205I-1-22208.jpg%3Fv%3D637731921921870000"
    },
    {
        "name": "Combo GA.MA Planchita Elegance Aqua Led + Secador Tempo Aqua",
        "category": "belleza",
        "etiqueta": "Belleza Radiante",
        "url": "https://shop.tata.com.uy/combo-gama-planchita-elegance-aqua-led-secador-tempo-aqua-1682532016443/p",
        "image": "https://tatauy.vtexassets.com/arquivos/ids/595908-1200-1200?v=638181288168770000&width=1200&height=1200&aspect=true"
    },
    {
        "name": "Caja de Té MDF.",
        "category": "hogar",
        "etiqueta": "Hogar y Armonía",
        "url": "https://www.tata.com.uy/caja-en-bamboo-para-t-con-tapa-visor-en-vidrio-25-x-17-x-8-cm-21597/p",
        "image": "https://tatauy.vtexassets.com/unsafe/0x0/center/middle/https%3A%2F%2Ftatauy.vtexassets.com%2Farquivos%2Fids%2F208291%2FCaja-En-Bamboo-Para-T-Con-Tapa-Visor-En-Vidrio-25-X-17-X-8-Cm-1-21998.jpg%3Fv%3D637569161889630000"
    },
    {
        "name": "Jarra Eléctrica Hometech 1L.",
        "category": "hogar",
        "etiqueta": "Hogar y Armonía",
        "url": "https://www.tata.com.uy/jarra-electrica-hometech-1l-sr022a-2-115569/p",
        "image": "https://tatauy.vtexassets.com/unsafe/0x0/center/middle/https%3A%2F%2Ftatauy.vtexassets.com%2Farquivos%2Fids%2F547813%2FJarra-Electrica-Hometech-1L-Sr022A-1-32508.jpg%3Fv%3D638024170970230000"
    },
    {
        "name": "Olla Sopera Xion.",
        "category": "hogar",
        "etiqueta": "Hogar y Armonía",
        "url": "https://www.tata.com.uy/sopera-xion-xi-soupxl-21820/p",
        "image": "https://tatauy.vtexassets.com/unsafe/0x0/center/middle/https%3A%2F%2Ftatauy.vtexassets.com%2Farquivos%2Fids%2F207946%2FSopera-Xion-Xi-Soupxl-1-22218.jpg%3Fv%3D637565705899630000"
    },
    {
        "name": "Smartwatch huawei",
        "category": "innovacion",
        "etiqueta": "Innovación y Comodidad",
        "url": "https://shop.tata.com.uy/smartwatchhuawei-watch-gt2-pro-classic-gray-1661368048567/p",
        "image": "https://tatauy.vtexassets.com/arquivos/ids/567550-1200-1200?v=638067996152570000&width=1200&height=1200&aspect=true"
    },
    {
        "name": "MIDEA Freidora sin Aceite",
        "category": "innovacion",
        "etiqueta": "Innovación y Comodidad",
        "url": "https://shop.tata.com.uy/midea-freidora-sin-aceite-airfryer-mfcn35c2-1671483626148/p",
        "image": "https://tatauy.vtexassets.com/arquivos/ids/567928-1200-1200?v=638070804274170000&width=1200&height=1200&aspect=true"
    },
    {
        "name": "Batidora Planetaria Xion.",
        "category": "innovacion",
        "etiqueta": "Innovación y Comodidad",
        "url": "https://shop.tata.com.uy/xion-batidora-planetaria-ba1400-1649451810868/p",
        "image": "https://tatauy.vtexassets.com/arquivos/ids/334424-1200-1200?v=637850486111700000&width=1200&height=1200&aspect=true"
    },
    {
        "name": "Batidora con Bowl Hometech.",
        "category": "innovacion",
        "etiqueta": "Innovación y Comodidad",
        "url": "https://shop.tata.com.uy/batidora-con-bowl-hometech-1640790390431/p",
        "image": "https://tatauy.vtexassets.com/arquivos/ids/618849-1200-1200?v=638260668378730000&width=1200&height=1200&aspect=true"
    },
    {
        "name": "Sandwichera Hometech 3 en 1.",
        "category": "innovacion",
        "etiqueta": "Innovación y Comodidad",
        "url": "https://www.tata.com.uy/sandwichera-3-en-1-hometech-2-13374/p",
        "image": "https://tatauy.vtexassets.com/arquivos/ids/618904-1200-1200?v=638260776115830000&width=1200&height=1200&aspect=true"
    },
    {
        "name": "Sandwichera Hometech de Acero.",
        "category": "innovacion",
        "etiqueta": "Innovación y Comodidad",
        "url": "https://www.tata.com.uy/sandwichera-el-ctrica-hometech-en-acero-2-13469/p",
        "image": "https://tatauy.vtexassets.com/unsafe/0x0/center/middle/https%3A%2F%2Ftatauy.vtexassets.com%2Farquivos%2Fids%2F180559%2FSandwichera-Electrica-Hometech-En-Acero-1-13838.jpg%3Fv%3D637266761142030000"
    },
    {
        "name": "Licuadora 550W 2L.",
        "category": "innovacion",
        "etiqueta": "Innovación y Comodidad",
        "url": "https://www.tata.com.uy/licuadora-550-w-2-l-hr2127-02-2-148209/p",
        "image": "https://tatauy.vtexassets.com/unsafe/0x0/center/middle/https%3A%2F%2Ftatauy.vtexassets.com%2Farquivos%2Fids%2F688603%2FLicuadora-550-W-2-L-Hr2127-02-1-39270.jpg%3Fv%3D638344713735230000"
    },
    {
        "name": "Licuamixer Xion.",
        "category": "innovacion",
        "etiqueta": "Innovación y Comodidad",
        "url": "https://www.tata.com.uy/licuamixer-xion-xi-li450-150833/p",
        "image": "https://tatauy.vtexassets.com/unsafe/0x0/center/middle/https%3A%2F%2Ftatauy.vtexassets.com%2Farquivos%2Fids%2F701988%2FLicuamixer-Xion-Xi-Li450-1-39903.jpg%3Fv%3D638419017739470000"
    },
    {
        "name": "Procesadora Hometech con Vaso.",
        "category": "innovacion",
        "etiqueta": "Innovación y Comodidad",
        "url": "https://www.tata.com.uy/procesadora-con-vaso-hometech-2-13387/p",
        "image": "https://tatauy.vtexassets.com/unsafe/0x0/center/middle/https%3A%2F%2Ftatauy.vtexassets.com%2Farquivos%2Fids%2F178809%2FProcesadora-Con-Vaso-Hometech-1-13756.jpg%3Fv%3D637248617021330000"
    },
    {
        "name": "Pantalón Deportivo Negro.",
        "category": "salud",
        "etiqueta": "Fitness y Salud",
        "url": "https://www.tata.com.uy/pantal-n-deportivo-recto-negro-mujer-h-g-153070/p",
        "image": "https://tatauy.vtexassets.com/unsafe/0x0/center/middle/https%3A%2F%2Ftatauy.vtexassets.com%2Farquivos%2Fids%2F706130%2FPantal-n-Deportivo-Recto-Negro-Mujer-H-G-H-G-Mujer-Pantalon-Deportivo-Recto-Negro-T-S-1-40719.jpg%3Fv%3D638479606193500000"
    },
    {
        "name": "Pantalón Deportivo Beige.",
        "category": "salud",
        "etiqueta": "Fitness y Salud",
        "url": "https://www.tata.com.uy/pantal-n-deportivo-recto-beige-mujer-h-g-153081/p",
        "image": "https://tatauy.vtexassets.com/unsafe/0x0/center/middle/https%3A%2F%2Ftatauy.vtexassets.com%2Farquivos%2Fids%2F706141%2FPantal-n-Deportivo-Recto-Beige-Mujer-H-G-H-G-Mujer-Pantalon-Deportivo-Recto-Beige-T-M-1-40730.jpg%3Fv%3D638479606223500000"
    },
    {
        "name": "Pantalón Deportivo Gris Oscuro.",
        "category": "salud",
        "etiqueta": "Fitness y Salud",
        "url": "https://www.tata.com.uy/pantal-n-deportivo-recto-gris-oscuro-mujer-h-g-153085/p",
        "image": "https://tatauy.vtexassets.com/unsafe/0x0/center/middle/https%3A%2F%2Ftatauy.vtexassets.com%2Farquivos%2Fids%2F706145%2FPantal-n-Deportivo-Recto-Gris-Oscuro-Mujer-H-G-H-G-Mujer-Pantalon-Deportivo-Recto-Gris-Oscuro-T-S-1-40734.jpg%3Fv%3D638479606234100000"
    },
    {
        "name": "Pantalón Deportivo Morado.",
        "category": "salud",
        "etiqueta": "Fitness y Salud",
        "url": "https://www.tata.com.uy/pantal-n-deportivo-recto-morado-mujer-h-g-153095/p",
        "image": "https://tatauy.vtexassets.com/unsafe/0x0/center/middle/https%3A%2F%2Ftatauy.vtexassets.com%2Farquivos%2Fids%2F706155%2FPantal-n-Deportivo-Recto-Morado-Mujer-H-G-H-G-Mujer-Pantalon-Deportivo-Recto-Morado-T-S-1-40744.jpg%3Fv%3D638479606261030000"
    }
]